CustomerID,Age,Annual_Income_k,Spending_Score
96,41,60.1,36
16,41,21.6,24
31,36,21.4,31
159,59,86.6,5
129,37,89.2,18
116,35,51.1,51
70,48,17.4,82
171,32,85.9,87
175,36,102.8,77
46,29,28.1,82
67,28,20.5,73
183,35,70.6,86
166,29,70.4,68
79,43,51.1,47
187,29,79.5,87
178,36,83.9,79
57,19,19.1,86
153,31,72.2,15
83,37,60.5,58
69,28,31.7,83
125,33,96.3,14
17,50,18.9,19
149,37,99.4,24
94,37,49.8,41
66,19,36.8,73
61,27,15.1,83
85,35,51.2,43
68,28,23.7,79
126,45,83.2,21
133,35,105.4,6
10,33,28.3,12
19,41,19.6,26
56,27,41.3,72
76,42,61.1,41
151,39,77.2,9
105,39,45.4,52
136,36,78.8,12
138,34,90.2,18
165,39,77.7,76
77,46,48.8,61
80,41,55.7,51
198,26,75.2,79
39,23,27.8,81
25,42,21.7,29
123,28,86.7,17
196,28,94.3,79
30,43,23.2,28
20,48,16.5,29
144,42,81.7,24
87,48,55.5,51
115,41,42.8,50
174,30,76.5,72
6,49,23.6,27
127,43,90.7,10
118,40,49.3,46
74,46,60.2,43
141,52,77.9,31
99,44,49.7,52
173,33,86.9,81
97,37,38.8,49
170,29,95.7,75
98,40,56.5,54
32,42,36.1,21
13,53,26.5,29
36,29,28.8,82
120,37,61.2,49
43,18,26.4,69
190,26,76.9,77
91,41,49.2,51
137,40,98.5,28
52,30,19.6,95
128,35,88.2,16
163,37,68.3,77
42,19,25.8,70
119,43,58.6,54
114,41,63.3,54
27,46,18.1,21
140,33,78.3,17
101,37,48.7,49
112,50,62.3,46
3,44,28.9,8
78,40,53.1,40
47,27,25.8,83
188,26,76.5,80
192,29,85.4,81
86,34,63.7,53
162,44,75.5,86
37,25,39.2,90
191,32,89.0,83
62,28,26.5,87
23,40,25.4,20
142,41,80.8,29
102,43,54.1,47
34,40,18.7,25
12,47,22.2,19
195,38,79.7,85
160,47,102.9,17
7,45,34.5,23
28,46,27.3,14
121,43,94.2,6
5,29,23.6,23
33,42,24.9,29
143,36,62.5,15
146,39,89.8,27
110,40,58.2,54
145,40,78.9,22
11,43,22.2,17
63,31,18.6,95
113,47,72.0,55
147,44,92.1,10
167,19,78.9,69
1,47,28.0,13
199,29,87.1,85
154,49,110.0,22
71,40,59.6,44
124,40,92.8,17
65,18,19.6,74
45,23,24.7,82
164,30,88.2,87
29,45,21.4,14
41,28,15.0,86
109,37,69.1,56
156,39,82.4,18
157,44,67.4,28
26,36,25.7,19
24,43,16.5,24
185,33,78.8,62
148,45,110.5,22
82,45,40.1,40
40,41,25.5,82
169,20,104.6,84
48,24,17.8,75
95,47,72.2,65
155,50,102.2,28
44,27,43.2,84
139,37,114.3,25
4,54,34.1,13
106,43,52.3,45
54,18,16.2,70
134,44,99.5,26
181,34,96.2,89
179,23,76.4,90
186,33,80.6,76
50,18,31.3,82
81,42,73.5,60
35,44,29.9,17
8,43,29.6,21
111,43,44.9,44
92,36,56.7,55
84,54,42.1,50
177,33,74.6,75
182,29,107.0,73
90,45,60.4,47
9,45,22.2,20
14,41,15.0,24
60,18,22.5,88
172,42,102.3,69
132,46,94.0,9
18,46,26.9,17
73,46,62.6,27
176,18,91.9,82
135,37,113.8,19
168,25,74.1,82
184,45,92.2,94
64,31,29.3,78
55,26,30.1,85
108,33,49.8,52
51,22,31.5,74
197,30,91.5,78
59,25,26.7,73
49,19,34.0,82
89,45,49.3,50
22,50,23.6,16
58,25,22.0,89
161,33,84.6,69
193,34,83.4,91
130,34,78.7,21
38,33,27.2,67
158,42,104.2,7
194,34,76.0,84
2,54,24.2,23
53,26,35.8,84
150,37,81.1,5
131,40,88.3,22
152,27,93.9,3
104,38,61.9,56
100,38,61.8,46
117,41,65.1,59
88,46,46.4,46
75,49,52.5,48
122,40,106.4,13
200,34,94.3,79
21,45,33.8,29
189,36,86.5,85
72,48,64.1,50
107,33,51.2,56
15,40,15.0,10
93,42,55.4,61
180,38,70.8,77
103,43,59.0,46
