x,y,y_true
0.013805292809005998,0.2046366627470106,0.07806405398033862
0.05146123573950612,0.06218387707073156,0.28797579118252503
0.08597130278804599,0.5966758531383618,0.47018739121041697
0.11306822227634516,1.1401291956897868,0.6018163974266976
0.11612603179999431,0.6033435052993767,0.6158826189878598
0.14520903042049865,1.2879810788166255,0.7403557992817236
0.1588958757150591,-0.12439621065964002,0.7925145757717704
0.1626289824631988,1.0936317939535791,0.8059659174222508
0.1851116293352259,0.9099903546168738,0.8795238807335138
0.18637660919942706,0.778616318702646,0.8832688913656997
0.22123125512979874,1.001003506360509,0.9688872345730832
0.24418028501595967,0.31020673176728086,1.0058558518775933
0.2896726488128243,0.9544175725905815,1.0313027333337106
0.30509558711194706,1.15031462143936,1.0253252214102488
0.3487346516301046,1.486482108511694,0.9692191928521633
0.3523105624369066,0.780741848574045,0.9621364249698217
0.3899863008405066,0.5832167750123654,0.8661895360249809
0.3900466011060913,0.6903912014746127,0.8660061667292005
0.4263103092182288,1.0606006334309854,0.7402098922352595
0.45456241801775155,0.7382738018644547,0.6232109134835652
0.45851127463358454,0.42031730879289786,0.6057333801113615
0.4621361388138176,0.769115217315853,0.5894716157261783
0.489957156047863,0.4925015234919138,0.45852438122009964
0.496789203835431,0.7639786392883138,0.4249528926018026
0.49918445539589934,0.16735523671026842,0.41307381956734174
0.5308477766956904,0.1373030478109476,0.25198479912016647
0.6469499540000423,-0.46394085784429395,-0.3267030042480388
0.6783725794347397,-0.9681665083008478,-0.4559362764546063
0.7023362742184519,-0.43699592524863984,-0.5406380222212415
0.7280728504951048,-0.5246119375252084,-0.6159812827881697
0.7303616213380454,-0.6200438118446456,-0.6218335216695069
0.7606056073988443,-0.7673127487228992,-0.6852072520415976
0.7615344229334267,-1.182108565621381,-0.686728805903736
0.7774558042891555,-0.855943159592007,-0.7087172966241313
0.7792776902235274,-0.8306838903852785,-0.7107338096009091
0.8129583050668676,-1.0098062997530188,-0.7290092555254523
0.8133258269081609,-0.7854569579124949,-0.7290069588293917
0.827245062131623,-0.5842558454505887,-0.7256736453356771
0.8918833167339733,0.03265959683283992,-0.6275054685908457
0.8961643213606816,-0.5551954371636827,-0.6162976716548263
0.9159046082342293,-0.4672595065904348,-0.5574021433434022
0.9363502971184062,-0.5104193269699216,-0.48436325645176315
0.9716932242237051,-1.0031136993604277,-0.3315437740057631
1.0798625466052894,0.28137310259911724,0.29065295900634314
1.1003812343490034,0.44477731797623216,0.4236967444968729
1.14017496054259,1.5457476069826228,0.6836128676127728
1.1805373129048733,0.8727291243297257,0.9400554620031186
1.2379422752781755,1.3758290854376742,1.27028751562091
1.285586096034029,1.483117216434702,1.495266335831537
1.300170052944527,1.1439090954815023,1.5529464086483384
1.3118910790805947,1.995107460294637,1.5951194752143798
1.3567402078956212,1.9829946353704524,1.7198180739300815
1.3667756983581991,2.016283293469164,1.7394221120040978
1.4810364221551062,1.4263829796601324,1.744668588838291
1.4947499470277128,2.2107972690388538,1.7198192602112192
1.4966462104925915,1.2253504008109486,1.7159982727882468
1.502787529358022,1.9083996739537947,1.7029996911237002
1.5188621297535958,2.431279588661897,1.6646201196284045
1.5296322368059487,1.2888750049535365,1.6355627187492774
1.5582453170688948,1.3484595723921728,1.546663777753143
1.5938936783880329,1.4510811155404717,1.4162031377597972
1.656305710884955,0.9796792737239846,1.1558957526646543
1.7105825662803922,0.38191105524294733,0.9246432561160938
1.767143359619043,0.7350144570908046,0.711017415908695
1.7701814444901136,0.32910925713998895,0.7009155569441257
1.8225179201024684,0.7228079561416813,0.5570506054193677
1.82401544584516,0.23207717956518503,0.5538756615470162
1.8299848545285127,1.0842720705415225,0.5417950287853837
1.9281758667148643,0.21723492404057376,0.49137357635825674
1.9306119232416434,0.3812411365306806,0.493962667202667
1.9378320584027864,0.7875072661536212,0.5027762400742368
1.962939903482534,0.1159151978759308,0.5467177086278151
2.0054924518850994,0.7474093816867037,0.6677984045752584
2.0209933702911527,1.1835017250150108,0.7260017610161611
2.0386535711370852,0.23840557982275834,0.8010247119191879
2.0718437728798236,1.0301118866555243,0.9654900361692178
2.0811066020010545,1.1074065686420638,1.0164475906551156
2.157758564688984,1.7794934254440031,1.5058554203219447
2.165440364437338,1.1271153550372897,1.5600481038446183
2.2180318564408164,1.4820125691354176,1.9441723837149143
2.237068376069122,2.2683239541894107,2.0856444062234964
2.2733010051969553,2.455947648813197,2.352003013181582
2.304685587557792,2.6619044303792103,2.5742319327581535
2.348747353910473,2.9838843981179948,2.8626275247940534
2.3722138431333333,2.7630304885609855,3.0010391411134574
2.37678576602479,3.107858409361187,3.026569615354836
2.4140800826863984,3.317959451588422,3.2153840859338834
2.4239615694113965,3.009183967369389,3.259206963678618
2.4247746304049858,3.9157119705206975,3.262690891620033
2.4672173415012932,3.58357207766421,3.4177305553450843
