Hours_Studied,Attendance_Pct,Previous_Score,Assignments_Done,Pass
15.0,75.2,66.2,7,1
33.4,92.8,33.5,2,1
26.4,82.9,52.9,3,1
22.2,58.1,39.1,7,0
8.0,53.5,34.3,4,0
8.0,82.1,97.3,1,0
4.9,51.3,51.9,5,0
30.7,79.3,85.1,9,1
22.2,97.0,47.3,8,1
25.7,78.8,76.3,9,1
3.7,69.4,81.7,10,1
34.0,82.2,70.5,9,1
29.6,72.9,62.1,7,1
9.8,77.3,58.0,4,0
8.8,97.1,53.7,5,0
8.9,69.3,93.2,1,0
12.7,98.1,86.5,1,1
19.8,95.3,95.6,3,1
16.8,59.8,38.5,8,0
12.3,53.5,79.7,2,0
22.6,55.0,93.8,4,1
7.5,50.9,42.3,2,0
12.3,54.7,34.5,5,0
14.7,84.2,80.4,9,1
17.6,53.6,69.1,1,0
28.1,65.9,87.2,5,1
9.4,92.2,39.5,9,0
19.5,51.2,84.1,1,0
22.0,90.7,43.7,9,1
4.5,64.1,41.1,8,0
22.4,55.9,41.2,4,0
8.5,84.8,85.4,10,1
5.1,81.4,75.2,5,0
33.4,93.9,65.6,5,1
33.9,86.8,54.4,6,1
28.9,90.2,89.6,7,1
12.7,64.1,56.7,8,0
6.1,58.9,85.5,8,0
24.9,87.5,59.9,2,0
17.1,90.3,55.6,9,1
6.9,99.5,61.5,7,1
18.8,70.6,50.5,4,0
4.1,68.6,80.8,4,0
32.1,88.8,64.2,8,1
11.3,67.0,45.8,4,0
24.2,96.5,91.2,6,1
13.0,92.9,56.1,5,1
19.6,71.4,67.0,3,0
20.5,87.5,91.6,10,1
8.9,87.7,72.4,2,0
34.0,55.2,37.9,9,1
27.8,95.1,93.9,10,1
33.1,75.3,72.7,9,1
31.6,91.3,52.8,1,1
22.1,66.0,39.5,10,1
32.5,94.8,84.0,3,1
5.8,69.5,72.2,8,0
9.3,50.5,66.3,6,0
4.4,95.3,90.8,5,1
13.4,54.6,83.6,5,0
15.4,66.0,40.3,6,0
11.7,97.5,51.2,7,1
29.5,97.5,46.9,1,1
14.4,78.7,80.6,9,1
12.0,81.6,32.3,3,0
20.4,72.4,68.8,4,0
7.5,64.7,81.8,10,1
28.7,66.4,89.6,1,1
5.4,83.6,53.3,10,1
34.6,87.6,85.8,3,1
27.7,89.6,37.5,2,0
9.4,89.5,87.6,2,1
3.2,54.6,38.7,1,0
29.1,74.7,57.0,8,1
25.6,52.9,84.2,3,1
26.3,77.5,40.2,3,0
27.7,72.1,45.6,6,1
5.4,94.4,79.1,8,1
14.5,67.5,79.0,9,1
6.7,55.9,73.6,9,0
30.6,57.1,77.2,4,1
22.9,88.1,66.9,5,1
13.6,80.9,47.1,2,0
5.0,55.1,53.5,9,0
13.0,54.2,42.3,8,0
13.4,85.0,91.8,3,1
26.3,53.6,69.7,9,1
23.4,91.1,57.3,3,1
31.4,85.3,61.4,9,1
18.1,54.1,94.4,2,0
6.8,54.2,40.4,10,0
25.8,99.3,69.9,9,1
27.3,68.7,64.4,8,1
21.0,68.5,71.6,9,1
27.7,90.6,31.2,5,1
18.8,97.4,89.3,2,1
19.7,99.3,93.4,8,1
16.7,87.7,68.4,6,1
3.8,68.8,77.4,8,1
6.5,54.2,92.7,5,0
4.0,88.9,78.1,10,1
23.4,77.9,40.4,2,0
13.1,71.2,69.2,6,0
19.3,95.3,71.3,5,1
32.0,55.6,58.8,5,0
11.0,74.6,80.1,1,0
16.1,50.6,93.5,2,0
27.2,73.4,92.9,8,1
10.3,52.8,60.7,3,0
5.5,55.9,37.7,10,0
12.3,55.9,97.0,3,0
8.2,82.5,87.0,8,1
32.8,87.3,38.5,8,1
28.9,79.2,92.6,2,1
23.3,98.1,89.2,8,1
30.9,68.7,65.3,1,0
28.7,64.3,70.2,6,1
9.0,93.4,57.1,8,1
31.6,61.2,33.7,3,0
20.3,98.2,52.8,8,1
28.8,50.6,84.6,1,0
31.7,98.5,30.3,9,1
13.2,52.2,52.7,9,0
6.5,94.6,57.1,5,1
10.3,76.4,66.5,10,1
16.7,99.6,92.6,4,1
29.2,53.7,53.6,6,1
30.5,77.7,53.6,7,1
3.2,98.5,80.2,5,1
19.3,76.2,60.8,10,1
16.4,81.5,45.3,9,1
10.1,84.8,60.8,3,0
6.8,72.7,39.6,7,0
13.8,81.4,42.0,10,1
33.2,79.2,63.9,10,1
13.3,95.1,58.5,5,1
19.6,52.3,92.2,7,1
25.5,64.0,54.6,2,0
14.6,97.5,69.5,4,1
34.1,94.5,73.0,2,1
33.8,72.8,30.9,7,1
11.1,81.0,75.1,2,0
18.9,63.9,42.1,1,0
12.6,59.4,95.4,9,1
12.1,73.2,40.1,1,0
4.2,67.7,58.2,8,0
22.5,79.2,35.8,2,0
19.1,53.9,97.8,8,1
4.6,98.7,64.1,3,0
11.9,99.3,70.5,6,1
32.1,84.9,34.6,3,1
10.7,76.8,81.0,7,1
7.6,65.5,44.3,10,0
18.7,90.7,91.1,9,1
34.5,84.2,43.9,2,1
10.7,58.1,43.0,5,0
24.5,95.5,32.5,6,0
27.4,91.1,62.1,4,1
10.6,97.5,68.4,4,1
26.3,86.3,34.5,4,1
14.8,80.7,82.7,2,1
23.2,70.9,60.8,4,1
23.3,96.6,65.7,1,1
20.1,93.3,60.0,6,1
5.9,52.3,57.3,1,0
29.7,51.3,68.1,10,1
13.3,68.8,40.6,6,0
9.0,90.5,42.4,1,0
4.3,99.4,88.6,6,1
21.9,57.5,94.3,10,1
24.7,79.7,55.4,8,1
3.5,69.0,48.4,2,0
19.4,98.5,73.8,2,1
10.2,92.1,57.8,4,0
23.6,91.9,31.7,3,0
8.6,73.4,40.6,4,0
25.1,70.7,78.7,7,1
15.4,63.7,74.8,1,0
33.0,52.8,31.8,6,0
7.4,93.2,45.1,3,0
13.9,90.6,45.7,10,1
6.6,100.0,75.7,7,1
32.6,99.8,31.3,10,1
31.1,77.8,37.1,2,0
11.3,88.4,84.4,2,1
24.1,97.2,42.1,4,1
29.2,92.5,74.4,1,1
20.8,62.4,46.2,3,0
19.9,72.5,36.8,9,0
10.7,56.5,46.5,7,0
6.0,97.7,79.1,7,1
31.7,80.3,88.2,4,1
31.8,61.4,86.5,2,1
23.3,83.6,57.0,4,0
13.8,80.9,75.4,6,1
14.2,67.9,43.9,3,0
26.2,55.7,49.9,1,0
31.7,83.6,91.0,8,1
31.4,76.0,30.9,5,1
28.0,88.6,35.8,5,1
23.5,76.0,44.1,4,0
5.7,92.6,31.8,6,0
8.2,77.6,42.3,3,0
31.8,78.0,69.6,9,1
22.4,93.8,58.7,5,1
3.3,70.2,90.7,3,0
6.2,56.7,85.6,1,0
24.2,51.4,53.2,10,0
3.2,87.8,47.6,6,0
8.1,81.0,55.8,2,0
20.6,85.2,70.1,3,1
25.1,60.6,48.2,1,0
23.9,56.8,72.4,9,1
10.2,50.7,57.8,8,0
25.8,67.5,67.5,2,0
10.6,79.5,59.7,8,1
13.4,69.6,50.0,9,1
26.9,71.9,94.5,1,1
23.8,95.2,81.9,5,1
30.2,67.4,39.5,8,1
24.0,75.7,89.1,2,1
21.2,89.2,63.1,4,1
6.0,69.8,90.8,7,1
14.8,81.1,84.4,3,1
11.5,93.1,58.9,5,1
10.8,97.5,31.5,8,0
34.1,57.4,48.3,10,1
15.6,96.3,66.8,3,0
31.5,74.6,73.1,4,1
23.2,62.9,47.5,9,0
28.4,73.0,39.5,7,1
19.1,99.0,86.8,1,1
21.5,74.6,96.9,4,1
18.8,66.4,65.7,4,0
9.2,81.7,41.7,9,0
26.1,62.0,48.5,6,0
12.0,53.8,31.3,9,0
3.8,56.4,92.2,6,0
23.7,56.4,38.0,6,0
8.7,57.6,69.2,5,0
33.1,56.9,48.6,5,0
33.5,82.0,67.7,2,1
32.3,59.1,74.3,8,1
14.8,67.3,86.4,8,1
3.5,94.8,44.0,1,0
32.7,73.7,30.7,8,1
16.7,83.4,39.3,5,0
33.9,58.6,91.2,2,1
33.8,59.6,89.4,2,1
30.3,52.0,70.6,6,1
12.4,58.4,70.8,9,0
15.3,63.9,75.2,1,0
30.2,58.9,41.9,6,0
13.1,54.4,92.2,9,1
8.4,56.0,58.5,8,0
20.8,73.0,56.1,6,1
33.0,60.3,65.3,3,1
25.3,68.2,33.2,8,0
21.2,75.2,41.3,9,1
6.1,84.5,80.2,1,0
22.7,52.0,35.6,9,0
34.7,90.0,71.0,6,1
7.5,81.4,46.7,6,0
19.6,54.1,56.5,4,0
31.1,93.7,49.6,1,1
26.7,96.0,54.2,10,1
25.3,53.1,78.9,8,1
25.5,63.8,50.2,2,0
14.5,90.3,68.5,1,0
12.4,87.4,62.4,2,0
28.9,59.2,75.1,1,1
28.9,60.5,93.7,1,1
30.7,68.5,79.8,9,1
32.2,74.2,44.6,1,0
19.4,80.9,32.1,4,0
19.0,68.4,47.8,10,1
28.5,73.1,70.5,6,1
23.8,87.4,33.5,7,0
25.5,51.8,63.8,2,0
28.5,62.6,70.6,6,1
31.5,85.7,52.7,7,1
13.8,94.8,82.4,10,1
15.0,75.6,37.2,10,0
6.0,76.6,35.1,2,0
21.5,55.4,79.5,2,0
4.2,72.4,63.7,10,0
17.9,76.6,76.8,7,1
20.4,62.1,59.6,1,0
12.2,63.5,46.8,8,0
21.9,68.9,85.7,3,1
4.0,51.0,84.4,6,0
4.2,66.1,77.2,9,0
29.3,60.6,48.5,6,1
14.5,66.4,70.1,9,1
7.1,56.0,54.5,7,0
19.7,94.5,36.2,9,1
27.6,79.7,92.4,2,1
9.9,84.0,39.3,8,0
22.9,89.5,94.6,8,1
5.7,74.9,60.3,2,0
4.7,54.3,42.6,4,0
20.0,76.9,66.8,7,1
20.3,79.3,89.4,4,1
23.4,87.3,79.8,4,1
26.2,71.6,84.8,6,1
34.2,56.4,74.8,10,1
19.5,64.2,77.1,6,1
13.3,68.2,87.7,10,1
28.4,82.3,47.0,3,0
11.7,78.5,63.3,9,1
17.0,67.8,45.0,10,0
5.5,99.3,97.2,2,1
3.8,80.3,94.2,6,0
33.8,61.9,32.7,7,0
29.8,55.1,78.0,9,1
25.3,57.6,92.9,3,1
16.1,62.3,42.3,10,0
8.5,58.0,68.6,3,0
8.0,59.3,92.3,7,0
11.0,64.3,32.3,4,0
20.6,58.7,77.4,8,1
25.9,94.8,50.2,7,1
24.1,54.0,92.9,5,1
12.0,76.2,96.0,7,1
33.6,70.5,94.2,3,1
26.6,99.1,62.2,2,1
20.7,55.6,88.6,6,1
22.6,69.9,87.4,2,1
16.4,98.5,51.7,3,1
10.9,93.3,86.4,6,1
14.4,90.9,32.5,5,0
27.3,62.9,70.5,8,1
3.5,58.5,45.6,9,0
6.7,83.4,38.2,3,0
4.5,96.5,35.2,10,0
4.3,77.8,77.3,3,0
30.4,78.6,53.1,3,1
25.5,64.0,79.3,6,1
18.2,88.5,34.4,1,0
6.1,59.4,51.4,7,0
18.7,66.2,66.7,1,0
18.2,71.3,83.8,5,1
8.5,75.4,51.7,10,0
16.9,62.1,72.6,8,1
15.8,55.7,90.2,4,1
22.7,80.5,71.9,5,1
23.3,64.4,45.8,4,0
4.4,79.1,31.7,4,0
15.0,57.7,89.2,8,1
23.0,74.1,31.4,2,0
